DROP TABLE IF EXISTS transactions;
DROP TABLE IF EXISTS cards;
DROP TABLE IF EXISTS accounts;
DROP TABLE IF EXISTS addresses;
DROP TABLE IF EXISTS customers;

CREATE TABLE customers (
  id           BIGINT GENERATED BY DEFAULT AS IDENTITY PRIMARY KEY,
  first_name   VARCHAR(60)  NOT NULL,
  last_name    VARCHAR(60)  NOT NULL,
  email        VARCHAR(120) NOT NULL,
  phone        VARCHAR(30),
  ssn          VARCHAR(11)  NOT NULL,
  dob          DATE         NOT NULL,
  vip          BOOLEAN DEFAULT FALSE,
  status       VARCHAR(15) DEFAULT 'ACTIVE'
);

CREATE TABLE addresses (
  id           BIGINT GENERATED BY DEFAULT AS IDENTITY PRIMARY KEY,
  customer_id  BIGINT NOT NULL REFERENCES customers(id),
  street_addr  VARCHAR(120) NOT NULL,
  city         VARCHAR(60) NOT NULL,
  state        VARCHAR(2) NOT NULL,
  zip          VARCHAR(10) NOT NULL,
  address_type VARCHAR(20) DEFAULT 'HOME'
);

CREATE TABLE accounts (
  id           BIGINT GENERATED BY DEFAULT AS IDENTITY PRIMARY KEY,
  customer_id  BIGINT NOT NULL REFERENCES customers(id),
  account_no   VARCHAR(20) NOT NULL,
  account_type VARCHAR(20) NOT NULL,
  balance      NUMERIC(12,2) DEFAULT 0,
  status       VARCHAR(15) DEFAULT 'ACTIVE',
  opened_on    DATE NOT NULL
);

CREATE TABLE cards (
  id              BIGINT GENERATED BY DEFAULT AS IDENTITY PRIMARY KEY,
  account_id      BIGINT NOT NULL REFERENCES accounts(id),
  card_number     VARCHAR(25) NOT NULL,
  cardholder_name VARCHAR(120) NOT NULL,
  expiry_month    INT NOT NULL,
  expiry_year     INT NOT NULL,
  status          VARCHAR(15) DEFAULT 'ACTIVE'
);

CREATE TABLE transactions (
  id           BIGINT GENERATED BY DEFAULT AS IDENTITY PRIMARY KEY,
  account_id   BIGINT NOT NULL REFERENCES accounts(id),
  amount       NUMERIC(12,2) NOT NULL,
  tx_date      DATE NOT NULL,
  merchant     VARCHAR(120),
  category     VARCHAR(40),
  memo         VARCHAR(200)
);

INSERT INTO customers (id, first_name,last_name,email,phone,ssn,dob,vip,status) VALUES
(1,'Alice','Henderson','alice.henderson@gmail.com','+1 (415) 555-0182','545-12-9876','1987-06-15',true,'ACTIVE'),
(2,'Bob','Martinez','bob.martinez@yahoo.com','+1 (212) 555-7733','123-45-6789','1972-11-02',false,'ACTIVE'),
(3,'Carol','Nguyen','carol.nguyen@outlook.com','+1 (646) 555-2210','321-54-9870','1995-03-28',true,'ACTIVE'),
(4,'David','Okafor','d.okafor@gmail.com','+1 (312) 555-9911','456-78-1234','1980-09-09',false,'ACTIVE'),
(5,'Eva','Brandt','eva.brandt@gmx.com','+49 89 555 2211','654-32-1098','1990-01-21',true,'ACTIVE'),
(6,'Frank','Russo','frank.russo@gmail.com','+1 (305) 555-4040','789-01-2345','1965-07-30',false,'CLOSED'),
(7,'Maya','Patel','maya.patel@acme.example','+1 (512) 555-1001','219-87-4567','1992-12-11',true,'ACTIVE'),
(8,'Noah','Kim','noah.kim@contoso.example','+1 (206) 555-2002','304-22-9988','1984-04-03',false,'ACTIVE');

INSERT INTO addresses (id,customer_id,street_addr,city,state,zip,address_type) VALUES
(1,1,'12 Rosewood Ave','Austin','TX','73301','HOME'),
(2,2,'99 Lakeshore Dr','Dallas','TX','75201','HOME'),
(3,3,'7 Sunset Blvd','Houston','TX','77001','HOME'),
(4,4,'220 Pine Hill Rd','Chicago','IL','60601','HOME'),
(5,5,'5 Elmwood Ct','Miami','FL','33101','HOME'),
(6,6,'310 Harbor View','Orlando','FL','32801','HOME'),
(7,7,'42 Cedar Park Ln','Austin','TX','78701','HOME'),
(8,8,'800 Market St','Seattle','WA','98101','HOME'),
(9,1,'500 Corporate Plaza','Austin','TX','78759','WORK'),
(10,3,'44 Warehouse Row','Houston','TX','77002','WORK');

INSERT INTO accounts (id,customer_id,account_no,account_type,balance,status,opened_on) VALUES
(1,1,'ACC-100001','CHECKING',15200.55,'ACTIVE','2020-01-15'),
(2,1,'ACC-100002','SAVINGS',980.10,'ACTIVE','2021-08-01'),
(3,2,'ACC-100003','CHECKING',4300.00,'FROZEN','2018-03-12'),
(4,3,'ACC-100004','BROKERAGE',87100.99,'ACTIVE','2022-05-30'),
(5,4,'ACC-100005','CHECKING',120.00,'ACTIVE','2019-11-19'),
(6,5,'ACC-100006','SAVINGS',6600.42,'ACTIVE','2023-02-02'),
(7,6,'ACC-100007','CHECKING',310.77,'CLOSED','2017-07-07'),
(8,7,'ACC-100008','CHECKING',21004.18,'ACTIVE','2024-01-10'),
(9,8,'ACC-100009','SAVINGS',753.22,'ACTIVE','2025-04-20');

INSERT INTO cards (id,account_id,card_number,cardholder_name,expiry_month,expiry_year,status) VALUES
(1,1,'4111 1111 1111 1111','Alice Henderson',12,2028,'ACTIVE'),
(2,2,'5500 0000 0000 0004','Alice Henderson',9,2027,'ACTIVE'),
(3,3,'4012 8888 8888 1881','Bob Martinez',5,2026,'LOCKED'),
(4,4,'4222 2222 2222 2220','Carol Nguyen',7,2029,'ACTIVE'),
(5,5,'5105 1051 0510 5100','David Okafor',3,2028,'ACTIVE'),
(6,6,'4111 1111 1111 1111','Eva Brandt',1,2030,'ACTIVE'),
(7,8,'4716 9999 1234 5678','Maya Patel',11,2029,'ACTIVE'),
(8,9,'3782 822463 10005','Noah Kim',10,2028,'ACTIVE');

INSERT INTO transactions (id,account_id,amount,tx_date,merchant,category,memo) VALUES
(1,1,-120.00,'2026-05-01','Fresh Market','GROCERY','Grocery - payment from Alice Henderson'),
(2,1,2500.00,'2026-05-03','Acme Payroll','PAYROLL','Salary credit'),
(3,2,-45.20,'2026-05-04','Bean Club','SUBSCRIPTION','Coffee subscription'),
(4,3,-900.00,'2026-05-06','Urban Rentals','HOUSING','Rent'),
(5,4,1200.00,'2026-05-08','Northwind Labs','INVOICE','Invoice settlement'),
(6,5,-60.00,'2026-05-09','City Utilities','UTILITIES','Utilities'),
(7,6,-310.00,'2026-05-10','Card Services','PAYMENT','Card payment'),
(8,7,-19.99,'2026-05-11','Streamly','ENTERTAINMENT','Streaming service'),
(9,8,-82.14,'2026-05-12','Book Barn','RETAIL','Books and supplies'),
(10,8,450.00,'2026-05-13','Travel Rebate','REFUND','Travel refund'),
(11,9,-33.75,'2026-05-14','CloudBox','SOFTWARE','Cloud storage'),
(12,4,-560.44,'2026-05-15','Skyline Travel','TRAVEL','Flight booking');
